	inst_1	inst_2	inst_3	inst_4	inst_5
1	0.15902520517021002	0.03207189532809496	0.30970889552015973	0.7377001778520457	0.46190787740705813
